Workbook

Sheet Tablero
A2: SEP | C2: Reposición de la cadena · Septiembre 2026 | T2: =Acciones!F11 | AA2: Dónde faltó stock
A3: 2026 | AA3: Faltante de depósito por título, top 12. Rojo: hoy en 0 en depósito; naranja: stock bajo.
C4: Del 11 al 23/09/2026 · stock según el SII del día de cada acción | S4: unidades cargadas · 6 acciones · 247 títulos
C7: Reposición 21 al 25 | K7: Faltante de depósito | S7: Locales alcanzados
A8: TABLERO | C8: =Acciones!D20 | K8: =Faltantes!D26 | S8: 61
A10: ACCIONES | F10: =Acciones!B26 | N10: =Acciones!B27 | V10: =Acciones!B28
C11: cargadas de 6.201 vendidas | K11: unidades pedidas sin stock; 5 títulos concentran el grueso | S11: de 62 activos, más Canales Alternativos
A12: FALTANTES
C15: Unidades cargadas por acción | S15: Reposición 21 al 25
A16: LOCALES | C16: En orden cronológico, del 11 al 23 de septiembre | S16: De lo vendido a lo cargado
A18: MÉTODO
AA31: =TEXT(Faltantes!D28,"0%")&" del faltante está en los primeros 5 títulos, y los cinco siguen hoy con 2 disponibles o menos."
A33: SII 22/09 | AA33: Detalle completo en la hoja Faltantes

Sheet Acciones
A1: Acciones de reposición · Septiembre 2026 | G1: ← Volver al tablero
A2: Unidades según los PAEC y CSV entregados. Faltante: por título, lo pedido menos el disponible del SII del día.
A4: Fecha | B4: Acción | C4: Regla | D4: Títulos | E4: Locales | F4: Unidades cargadas | G4: Sin stock en depósito
A5: 46276 | B5: Promo 2x1 $28.500 | C5: Completar a 8 · 20 Splendid · 3 en cinco locales chicos | D5: 11 | E5: 33 | F5: 255 | G5: 293
A6: 46280 | B6: Día de la Madre | C6: Completar a 10 y 5 · Splendid a 30 y 20 · redondeo a 10 | D6: 38 | E6: 61 | F6: 5101 | G6: 128
A7: 46282 | B7: Agenda + autores de octubre | C7: Agenda a 10 y 40 en los Ateneo · autores a 10 | D7: 12 | E7: 61 | F7: 2819 | G7: 0
A8: 46282 | B8: Canales · ranking | C8: Pedido del ranking 1/8 al 17/9 | D8: 56 | E8: Canales | F8: 243 | G8: 7
A9: 46286 | B9: Reposición 21 al 25 | C9: Lo vendido · sin cobertura > 3 · solo lo servible | D9: 170 | E9: 20 | F9: 4004 | G9: 1569
A10: 46288 | B10: Canales · refuerzo | C10: Lista cerrada · solo lo servible | D10: 43 | E10: Canales | F10: 101 | G10: 19
B11: TOTAL | F11: =SUM(F5:F10) | G11: =SUM(G5:G10)
A14: Reposición 21 al 25: de lo vendido a lo cargado
A15: Paso | B15: Etiqueta | C15: Detalle | D15: Unidades | E15: Base (aux.) | F15: Barra (aux.) | G15: Etiqueta gráfico
A16: Vendido en el período | B16: Vendido | C16: Pedido original, 20 locales | D16: 6201 | E16: 0 | F16: =D16 | G16: Vendido 6.201
A17: Cobertura mayor a 3 | B17: Cobertura > 3 | C17: Más de mes y medio de stock | D17: -520 | E17: =F16+D17 | F17: =-D17 | G17: Cobertura > 3 −520
A18: Sin stock en depósito | B18: Sin stock | C18: 3 títulos | D18: -781 | E18: =E17+D18 | F18: =-D18 | G18: Sin stock −781
A19: Stock insuficiente | B19: Insuficiente | C19: 9 títulos | D19: -896 | E19: =E18+D19 | F19: =-D19 | G19: Insuficiente −896
A20: Cargado | B20: Cargado | C20: 170 títulos | D20: 4004 | E20: 0 | F20: =D20 | G20: Cargado 4.004
A21: Control: vendido menos los tres cortes | D21: =D16+D17+D18+D19 | E21: =IF(D21=D20,"cuadra","NO CUADRA")
A24: Auxiliar de las donas del tablero
A25: Indicador | B25: Porcentaje | C25: Resto
A26: Reposición 21-25: cargado / vendido | B26: =D20/D16 | C26: =1-B26
A27: Faltante: peso de los 5 primeros títulos | B27: =Faltantes!D28 | C27: =1-B27
A28: Locales alcanzados / activos | B28: =61/62 | C28: =1-B28

Sheet Faltantes
A1: Dónde faltó stock | G1: ← Volver al tablero
A2: Unidades pedidas en septiembre que el depósito no llegó a cubrir. Disponible y cadena según SII del 22/09/2026.
A4: ISBN | B4: Título | C4: Nombre corto | D4: Faltante | E4: Disp. depósito hoy | F4: En la cadena hoy | G4: Estado hoy | H4: Acciones
A5: 9789500218047 | B5: PRINCIPITO, EL | C5: El Principito | D5: 399 | E5: 0 | F5: 1821 | G5: Sin stock | H5: Reposición 21-25
A6: 9789500217057 | B6: GATITO, ¿POR QUE ESTAS ENOJADO? | C6: Gatito, ¿por qué…? | D6: 314 | E6: 0 | F6: 495 | G6: Sin stock | H6: Reposición 21-25
A7: 9789500208536 | B7: SAGA DE LOS ROMANOV, LA | C7: Saga Romanov | D7: 314 | E7: 2 | F7: 156 | G7: Stock bajo | H7: Promo 2x1 · Reposición 21-25
A8: 9789500217033 | B8: STICKERS MAGICOS: GRANJA | C8: Stickers Granja | D8: 282 | E8: 2 | F8: 377 | G8: Stock bajo | H8: Canales 17/09 · Reposición 21-25 · Canales 23/09
A9: 9789500217026 | B9: STICKERS MAGICOS DINOSAURIOS | C9: Stickers Dinosaurios | D9: 226 | E9: 2 | F9: 711 | G9: Stock bajo | H9: Reposición 21-25 · Canales 23/09
A10: 9789500217613 | B10: BANDERAS DEL MUNDO | C10: Banderas del mundo | D10: 91 | E10: 7 | F10: 134 | G10: Stock bajo | H10: Reposición 21-25
A11: 9789500217859 | B11: VENDER ES PODER | C11: Vender es poder | D11: 82 | E11: 0 | F11: 1384 | G11: Sin stock | H11: Reposición 21-25
A12: 9789500210669 | B12: FIN DEL AUTOODIO, EL | C12: Fin del autoodio | D12: 75 | E12: 2 | F12: 230 | G12: Stock bajo | H12: Día de la Madre · Canales 23/09
A13: 9789500211086 | B13: HEDY | C13: Hedy | D13: 54 | E13: 0 | F13: 240 | G13: Sin stock | H13: Día de la Madre
A14: 9789500215350 | B14: APRENDO A LEER LAS LETRAS | C14: Aprendo a leer: letras | D14: 53 | E14: 0 | F14: 157 | G14: Sin stock | H14: Reposición 21-25
A15: 9789500216814 | B15: AMIGOS DE LA GRANJA | C15: Amigos de la granja | D15: 45 | E15: 87 | F15: 553 | G15: Stock bajo | H15: Reposición 21-25
A16: 9789500215367 | B16: APRENDO A LEER LAS SILABAS | C16: Aprendo a leer: sílabas | D16: 45 | E16: 10 | F16: 86 | G16: Stock bajo | H16: Reposición 21-25
... A25: 2903307290564 | B25: EDITORIAL EL ATENEO - BOLSA SANTI SPERANZA | C25: Editorial El Ateneo - Bolsa Santi Speranza | D25: 2 | E25: 1 | F25: 1269 | G25: Stock bajo | H25: Reposición 21-25
B26: TOTAL | D26: =SUM(D5:D25)
B28: Los 5 títulos de más faltante explican | D28: =SUM(D5:D9)/D26

Sheet Surtido en cero
A1: Surtido general en cero, por local | D1: ← Volver al tablero
A2: De los 503 títulos que tiene al menos la mitad de la cadena y con 20 o más disponibles en depósito, cuántos están en 0 en cada local (SII del 22/09/2026). Los locales chicos trabajan con surtido reducido.
A4: Local | B4: Títulos en 0
A5: MAR DEL PLATA LOS GALLEGOS | B5: 125
A6: AEROPARQUE | B6: 67
A7: MAR DEL PLATA PASEO ALDREY | B7: 67
A8: TRELEW | B8: 66
A9: TUCUMAN PORTAL | B9: 60
A10: PARANA | B10: 48
A11: TORTUGAS OPEN MALL | B11: 40
A12: ALTO COMAHUE | B12: 39
A13: SANTA FE Ribera Shopping | B13: 33
A14: ATENEO TUCUMAN | B14: 32
A15: PALMAS DEL PILAR | B15: 32
A16: PATIO BULLRICH | B16: 28
... A65: QUILMES CENTRO | B65: 0
A67: Mediana de la cadena | B67: =MEDIAN(B5:B65)
A68: Locales en cero | B68: =COUNTIF(B5:B65,0)

Sheet Cómo se calculó
A1: Cómo se calculó | C1: ← Volver al tablero
A3: Cargado | B3: Suma de los CSV y PAEC entregados. En Día de la Madre y en Agenda + autores, el PAEC coincide con la suma por local.
A4: Faltante | B4: Por título, lo pedido menos el disponible del SII del día de la acción. Incluye unidades que igual se cargaron (Día de la Madre y Canales del 17/09).
A5: SII | B5: Se excluye la fila de totales del pie. El depósito cuadra contra ella: 638.186 u. físicas y 634.202 disponibles al 22/09.
A6: Devoto | B6: No figura: sin stock ni actividad al cierre, excluido por decisión en todas las acciones.
A7: Surtido en cero | B7: Títulos presentes en al menos 30 de los 61 locales activos y con 20 o más disponibles en depósito.
A8: Fijos | B8: Locales alcanzados (61) y títulos distintos (247) salen de cruzar los archivos: van como valor, no como fórmula.
